Passenger ID,Number of Flights,First name,Last name
2068,32,Yolande,Pete
1677,27,Katherina,Vasiliki
4827,27,Jaime,Renay
3173,26,Sunshine,Scott
8961,26,Ginny,Clara
917,25,Anisha,Alaine
288,25,Pamila,Mavis
5096,25,Blythe,Hyon
760,25,Vernia,Mui
6084,25,Cole,Sharyl
8363,25,Branda,Kimiko
5867,25,Luise,Raymond
2857,25,Son,Ginette
3367,24,Priscilla,Corie
1343,24,Bennett,Staci
1240,24,Catherine,Missy
2441,24,Kayla,Rufus
5668,24,Gladis,Earlene
1598,23,Amelia,Betsey
3405,23,Johna,Ollie
8353,23,Davis,Williams
3093,23,Theda,Rodrick
1673,23,Jeanie,Gladis
2251,23,Gussie,Temple
3590,23,Isiah,Tyler
1337,23,Kirby,Melvin
366,23,Carman,Meghan
281,23,Sage,Fernanda
2717,23,Shannon,Marlyn
613,23,Palmer,Yuonne
5332,23,Bobette,Laurice
211,23,Lori,Jeremiah
4056,23,Dagmar,Marilee
8411,23,Juliann,Cheryll
7643,23,Albina,Joni
9441,23,Annalisa,Luanna
1413,22,Carlee,Timmy
739,22,Sadye,Rhea
3078,22,Laquita,Kate
2437,22,Charlyn,Wynona
5490,22,Toni,Winnifred
350,22,Annemarie,Nilsa
2939,22,Jaleesa,Clement
3180,22,Yvette,Peter
7162,22,Alfonso,Dinah
5423,22,Sirena,Nigel
391,22,Carolynn,Enola
798,22,Ramiro,Terisa
9252,22,Angella,Margret
6447,22,Brigitte,Jodie
1769,22,Lisha,Delmer
258,22,Emmaline,Marcelle
4034,22,Thalia,Maurice
167,22,Mona,Kassandra
4611,22,Cristi,Eugenia
392,22,Cory,Ebonie
1464,21,Margherita,Arica
3112,21,Madie,Winona
848,21,Marya,Eliana
1651,21,Alex,Annabelle
364,21,Donya,Stephan
435,21,Tiffani,Frances
5007,21,Laticia,Katherine
4552,21,Mayme,Luvenia
3332,21,Kiara,Donnie
2516,21,Tamar,Claretta
437,21,Kelli,Roger
2926,21,Vicky,Patrica
4632,21,Jacklyn,Christia
4502,21,Thea,Yolando
9540,21,Rhoda,Gavin
4249,21,Chi,Valeri
4399,21,Kevin,Nicole
6777,21,Tamara,Terresa
398,21,Mario,Trinh
2185,21,Rae,Chas
5416,21,Chin,Claretta
1982,21,Izetta,Marjorie
763,21,Will,Chanelle
5560,21,Lang,Johnie
2254,21,Angelina,Gracia
6060,21,Delisa,Elisha
1581,21,Marx,Artie
905,21,Terrie,Gisela
3309,20,Ellen,Trang
7662,20,Kayce,Dorethea
8590,20,Young,Kristin
888,20,Bryant,Marcell
859,20,Eilene,Velvet
7810,20,Willie,Glen
2734,20,Otha,Genoveva
7832,20,Wendi,Muoi
1029,20,Donita,Katrina
3937,20,Palmer,Marisela
4335,20,Teresia,Major
3021,20,Ervin,Milda
4031,20,Gaston,Luciano
5775,20,Mozella,Essie
2975,20,Val,Evelynn
721,20,Yun,Cecily
